result,x,y
5.308483982570059,10,4
5.308483982570059,10,4
5.253106411295739,10,8
5.253106411295739,10,8
5.203516385344883,10,5
5.203516385344883,10,5
5.202615636740511,10,7
5.179646791300509,10,6
5.179646791300509,10,6
5.179646791300509,10,6
5.179646791300509,10,6
5.179646791300509,10,6
5.179646791300509,10,6
5.129973725892108,9,8
5.129973725892108,9,8
5.129973725892108,9,8
5.129604769967073,9,4
5.129604769967073,9,4
5.129604769967073,9,4
5.129604769967073,9,4
5.129604769967073,9,4
5.129604769967073,9,4
5.129604769967073,9,4
5.066203781250628,9,7
5.066203781250628,9,7
5.038641742154643,9,5
5.038641742154643,9,5
5.029165840362207,9,6
5.029165840362207,9,6
5.005270247391173,8,8
5.005270247391173,8,8
4.93692042613759,8,4
4.93692042613759,8,4
4.926057149507382,8,7
4.926057149507382,8,7
4.880627802183891,7,8
4.880627802183891,7,8
4.880627802183891,7,8
4.880627802183891,7,8
4.880627802183891,7,8
4.880627802183891,7,8
4.8721620915525365,8,6
4.8721620915525365,8,6
4.863839017774737,8,5
4.863839017774737,8,5
4.863839017774737,8,5
4.863839017774737,8,5
4.863839017774737,8,5
4.758410169459636,6,8
4.758410169459636,6,8
4.758410169459636,6,8
4.729281061359341,7,4
4.729281061359341,7,4
4.729281061359341,7,4
4.709643162054756,7,6
4.709643162054756,7,6
4.679267741246761,7,5
4.679267741246761,7,5
4.641876353203706,5,8
4.641876353203706,5,8
4.641320587285346,6,7
4.5436580245804885,6,6
4.5436580245804885,6,6
4.535266618145442,4,8
4.535266618145442,4,8
4.535266618145442,4,8
4.506137510045127,6,4
4.502734423999221,5,7
4.502734423999221,5,7
4.486076512215897,6,5
4.486076512215897,6,5
4.486076512215897,6,5
4.443699424619946,3,8
4.443699424619946,3,8
4.443699424619946,3,8
4.377865769737767,5,6
4.377865769737767,5,6
4.377865769737767,5,6
4.377865769737767,5,6
4.373056600690696,4,7
4.2872256534707525,5,5
4.2684658581680255,5,4
4.2684658581680255,5,4
4.08877471474691,4,5
4.08877471474691,4,5
4.08877471474691,4,5
4.073654395334778,3,6
4.073654395334778,3,6
4.073654395334778,3,6
4.073654395334778,3,6
4.020629694263439,4,4
4.020629694263439,4,4
4.020629694263439,4,4
3.9015631726587574,3,5
3.9015631726587574,3,5
3.9015631726587574,3,5
3.7737696163319083,3,4
3.7737696163319083,3,4
3.7737696163319083,3,4
3.7737696163319083,3,4
3.7737696163319083,3,4
result,x,y
5.978551532972239,9.048,8.0
5.518531003457869,7.024,8.0
5.463334497968555,8.024,6.0
5.463334497968555,8.024,6.0
5.408702552192608,5.032,8.0
5.308483982570059,10.0,4.0
5.308483982570059,10.0,4.0
5.279504887208575,5.024,8.0
5.26167049624377,9.008,6.0
5.251190321743752,10.0,7.968
5.204521981208782,10.0,7.048
5.199197131487929,10.0,5.08
5.179646791300509,10.0,6.0
5.179646791300509,10.0,6.0
5.179533041961046,10.0,5.96
5.164680901834309,8.008,7.0
5.129973725892108,9.0,8.0
5.129973725892108,9.0,8.0
5.129973725892108,9.0,8.0
5.129604769967073,9.0,4.0
5.129604769967073,9.0,4.0
5.127977326323253,8.008,4.0
5.082780874812595,9.992,4.0
5.082780874812595,9.992,4.0
5.064943912888717,9.0,6.976
5.064943912888717,9.0,6.976
5.029165840362207,9.0,6.0
5.029165840362207,9.0,6.0
5.005270247391173,8.0,8.0
4.93692042613759,8.0,4.0
4.93692042613759,8.0,4.0
4.93692042613759,8.0,4.0
4.93692042613759,8.0,4.0
4.92772044891394,8.0,7.024
4.880627802183891,7.0,8.0
4.880627802183891,7.0,8.0
4.880627802183891,7.0,8.0
4.8721620915525365,8.0,6.0
4.8721620915525365,8.0,6.0
4.871322257098235,8.0,5.976
4.871322257098235,8.0,5.976
4.870508281305111,8.0,5.952
4.863839017774737,8.0,5.0
4.863839017774737,8.0,5.0
4.863267570678742,8.0,5.024
4.824869964317567,5.024,5.0
4.787884922549065,7.0,7.048
4.783636809465607,7.0,7.0
4.758410169459636,6.0,8.0
4.729281061359341,7.0,4.0
4.709643162054756,7.0,6.0
4.709643162054756,7.0,6.0
4.709643162054756,7.0,6.0
4.703508709217802,4.032,5.0
4.697440570444509,6.008,4.0
4.641876353203706,5.0,8.0
4.641876353203706,5.0,8.0
4.641876353203706,5.0,8.0
4.641320587285346,6.0,7.0
4.638690266593801,6.0,6.976
4.590388587967199,5.048,4.0
4.543001716613404,6.0,5.992
4.542347896917276,6.0,5.984
4.535266618145442,4.0,8.0
4.535266618145442,4.0,8.0
4.506137510045127,6.0,4.0
4.486076512215897,6.0,5.0
4.443699424619946,3.0,8.0
4.443699424619946,3.0,8.0
4.443699424619946,3.0,8.0
4.408999187046442,8.976,8.0
4.377865769737767,5.0,6.0
4.377865769737767,5.0,6.0
4.373056600690696,4.0,7.0
4.372516081712096,5.0,5.952
4.2872256534707525,5.0,5.0
4.2872256534707525,5.0,5.0
4.2684658581680255,5.0,4.0
4.2684658581680255,5.0,4.0
4.2684658581680255,5.0,4.0
4.261472443167985,5.984,8.0
4.259112341341472,3.0,7.0
4.202011367205649,4.904,8.0
4.089630848756155,4.0,5.008
4.073654395334778,3.0,6.0
4.073654395334778,3.0,6.0
4.064923301335544,3.0,5.952
4.042190898798753,4.992,4.0
4.020629694263439,4.0,4.0
4.020629694263439,4.0,4.0
3.9549067496249775,8.096,4.0
3.9384969737982205,6.976,5.0
3.9015631726587574,3.0,5.0
3.9015631726587574,3.0,5.0
3.7737696163319083,3.0,4.0
3.6617497354347277,8.12,5.0
3.647014588043644,6.92,6.0
3.550874130339014,3.904,6.0
3.550874130339014,3.904,6.0
3.4680094082909965,8.12,4.0
2.802664271603018,3.952,5.0
result,x,y
5.8675339930073855,9.048,7.024
5.862031413854748,9.048,6.976
5.621373103595387,9.048,5.008
5.6106027237227165,8.04,6.0
5.590307977835424,8.048,5.992
5.57555867271719,9.024,5.0
5.518531003457869,7.024,8.0
5.489901941885626,5.048,8.0
5.46286684559935,9.016,6.0
5.308483982570059,10.0,4.0
5.308483982570059,10.0,4.0
5.26167049624377,9.008,6.0
5.26167049624377,9.008,6.0
5.253106411295739,10.0,8.0
5.208857623321918,10.0,7.152
5.20783784114168,10.0,4.928
5.204521981208782,10.0,7.048
5.203516385344883,10.0,5.0
5.2016855819344885,10.0,6.976
5.179646791300509,10.0,6.0
5.179569687235172,10.0,5.976
5.136058541569136,8.007,7.0
5.129973725892108,9.0,8.0
5.129973725892108,9.0,8.0
5.129973725892108,9.0,8.0
5.129973725892108,9.0,8.0
5.129973725892108,9.0,8.0
5.127648011348317,9.0,7.968
5.127256395108617,9.0,4.016
5.057718590879783,8.007,5.08
5.048971972706263,8.006,6.0
5.035470763936117,9.0,5.08
5.027865525411654,9.0,5.92
5.005270247391173,8.0,8.0
5.005270247391173,8.0,8.0
4.991753138500384,3.056,7.0
4.959927094150982,9.992,5.0
4.93692042613759,8.0,4.0
4.93692042613759,8.0,4.0
4.926057149507382,8.0,7.0
4.924408031891369,8.0,6.976
4.903104234847608,4.032,5.952
4.87391789102858,8.0,6.048
4.873027422018469,8.0,6.024
4.8721620915525365,8.0,6.0
4.8721620915525365,8.0,6.0
4.871599346747836,8.0,5.984
4.86946384148785,8.0,5.92
4.758410169459636,6.0,8.0
4.729281061359341,7.0,4.0
4.709643162054756,7.0,6.0
4.706970586697908,7.0,5.952
4.693412040264293,5.024,4.0
4.687928682881332,4.032,4.928
4.641876353203706,5.0,8.0
4.5436580245804885,6.0,6.0
4.542347896917276,6.0,5.984
4.537208599000081,6.0,5.92
4.535266618145442,4.0,8.0
4.535266618145442,4.0,8.0
4.530063414393974,4.0,7.968
4.505530164513072,6.0,4.008
4.486293433917298,6.0,5.008
4.4858644388900055,6.0,4.992
4.484877676113603,6.0,4.952
4.443699424619946,3.0,8.0
4.443699424619946,3.0,8.0
4.443699424619946,3.0,8.0
4.408999187046442,8.976,8.0
4.405264304955001,8.976,4.0
4.377865769737767,5.0,6.0
4.377865769737767,5.0,6.0
4.372516081712096,5.0,5.952
4.2872256534707525,5.0,5.0
4.28672486641714,5.0,4.992
4.28672486641714,5.0,4.992
4.2684658581680255,5.0,4.0
4.2684658581680255,5.0,4.0
4.259112341341472,3.0,7.0
4.225284885797207,4.0,6.048
4.2182356241458905,4.0,6.0
4.21706602207305,4.0,5.992
4.212233229242328,7.976,4.0
4.162213033882634,8.12,8.0
4.095784792142042,7.968,8.0
4.073654395334778,3.0,6.0
3.9951924262971947,9.144,8.0
3.9549067496249775,8.096,4.0
3.9549067496249775,8.096,4.0
3.92118780512729,4.976,8.0
3.9015631726587574,3.0,5.0
3.8694132796071763,7.952,8.0
3.7448266534867454,6.952,8.0
3.7210537617213086,6.944,8.0
3.6375085676666394,6.92,5.952
3.550874130339014,3.904,6.0
3.50663752238556,4.952,8.0
3.3331951115086103,6.912,4.0
3.241138920008849,6.944,4.0
3.144712270125657,5.952,4.0
2.7012748439914294,4.928,4.0
result,x,y
5.865700428278727,9.048,7.008
5.72919843379857,7.048,8.0
5.608571837431651,8.039,6.0
5.489901941885626,5.048,8.0
5.46286684559935,9.016,6.0
5.461004368427174,9.016,5.952
5.37190507349336,9.008,8.0
5.360811731175861,8.024,4.0
5.308483982570059,10.0,4.0
5.305961682533956,8.016,6.0
5.305859425067215,5.048,7.024
5.303387504571797,10.0,4.032
5.2668622046625355,8.016,5.0
5.26167049624377,9.008,6.0
5.26167049624377,9.008,6.0
5.26167049624377,9.008,6.0
5.259683163743208,9.008,5.92
5.253106411295739,10.0,8.0
5.216070372774144,7.024,4.992
5.20783784114168,10.0,4.928
5.203061950023321,10.0,5.008
5.189031204205527,8.072,6.0
5.179646791300509,10.0,6.0
5.136058541569136,8.007,7.0
5.136058541569136,8.007,7.0
5.129973725892108,9.0,8.0
5.129973725892108,9.0,8.0
5.097311086230326,5.048,6.0
5.059458448778679,9.001,6.0
5.048971972706263,8.006,6.0
5.03969160220689,9.0,4.976
5.029165840362207,9.0,6.0
5.027751927939658,9.0,5.912
5.005270247391173,8.0,8.0
4.959927094150982,9.992,5.0
4.93692042613759,8.0,4.0
4.93692042613759,8.0,4.0
4.926057149507382,8.0,7.0
4.924408031891369,8.0,6.976
4.883713840328472,5.008,8.0
4.883713840328472,5.008,8.0
4.878105871232968,9.072,4.008
4.876093211006109,8.992,7.968
4.87391789102858,8.0,6.048
4.8721620915525365,8.0,6.0
4.8721620915525365,8.0,6.0
4.871879296042988,8.0,5.992
4.870295728274918,5.048,5.0
4.863839017774737,8.0,5.0
4.7806626550452895,8.992,6.048
4.7806626550452895,8.992,6.048
4.773043744283664,4.008,7.976
4.758410169459636,6.0,8.0
4.7544917916803024,6.0,7.968
4.743257441080228,5.056,4.928
4.737983836177836,5.008,6.976
4.729281061359341,7.0,4.0
4.7082945172839334,7.0,5.976
4.679909443796467,9.984,5.952
4.650600074249955,4.016,5.992
4.638690266593801,6.0,6.976
4.632718258069985,3.848,5.0
4.542347896917276,6.0,5.984
4.5378420064727,6.0,5.928
4.501773191481873,3.856,4.928
4.477158165454318,7.072,4.0
4.443699424619946,3.0,8.0
4.440422479164058,5.056,4.0
4.423107253192936,4.007,6.0
4.405264304955001,8.976,4.0
4.37231083657528,7.984,6.0
4.298335692671916,8.976,5.0
4.2872256534707525,5.0,5.0
4.284275486104055,7.976,8.0
4.2684658581680255,5.0,4.0
4.2684658581680255,5.0,4.0
4.26358778089829,3.0,7.024
4.257620329098993,3.0,6.992
4.254636032298864,3.0,6.976
4.2516794149173025,4.992,7.0
4.2182356241458905,4.0,6.0
4.1329827752609525,7.976,5.92
4.020629694263439,4.0,4.0
3.9951924262971947,9.144,8.0
3.9549067496249775,8.096,4.0
3.9549067496249775,8.096,4.0
3.9549067496249775,8.096,4.0
3.92118780512729,4.976,8.0
3.910419824080711,3.0,5.056
3.900308558019872,3.0,4.992
3.7448266534867454,6.952,8.0
3.738431889289255,6.951,8.0
3.7373092343653793,6.952,7.944
3.7210537617213086,6.944,8.0
3.6692584310590908,3.92,8.0
3.647014588043644,6.92,6.0
3.5458265172616596,3.904,5.984
3.430839012455695,4.904,5.08
3.323633633123749,5.952,6.0
3.269097864897486,4.96,5.992
2.786952586635799,3.904,4.0
result,x,y
5.835769632993901,8.039,7.976
5.649401273184297,9.072,8.0
5.644990267125689,9.072,7.968
5.6201902756197235,9.024,6.0
5.520557836116262,7.032,6.976
5.461004368427174,9.016,5.952
5.441614599989866,9.016,5.056
5.436914957059024,5.056,8.0
5.428694343153044,8.022,6.0
5.338906469686545,8.056,5.0
5.318899270632656,8.08,8.0
5.305919298665467,10.0,4.016
5.303436887564414,9.008,6.976
5.303263809456389,8.016,5.952
5.290190670193727,5.048,6.944
5.267322206090053,8.016,5.024
5.262984552533146,9.008,6.048
5.26167049624377,9.008,6.0
5.204910288418181,10.0,4.976
5.202168242247768,10.0,5.024
5.202003225357173,7.064,5.952
5.179879428451337,10.0,6.048
5.179646791300509,10.0,6.0
5.155647799811847,9.001,4.0
5.153541416174575,7.024,4.0
5.1413456486589615,8.007,7.072
5.129973725892108,9.0,8.0
5.129973725892108,9.0,8.0
5.129604769967073,9.0,4.0
5.0438562897254835,6.064,5.992
5.038641742154643,9.0,5.0
5.029165840362207,9.0,6.0
5.0031723031476805,8.0,7.976
5.001082266118095,8.0,7.952
4.9559814257045725,5.016,7.024
4.93692042613759,8.0,4.0
4.925505857992407,8.0,6.992
4.922773297455584,8.0,6.952
4.9037963938691815,8.992,4.0
4.880239107013054,5.008,7.976
4.878413643056459,8.992,8.0
4.878105871232968,9.072,4.008
4.87615924907775,5.048,5.024
4.876093211006109,8.992,7.968
4.875339757642613,9.072,4.0
4.87391789102858,8.0,6.048
4.8721620915525365,8.0,6.0
4.8721620915525365,8.0,6.0
4.8721620915525365,8.0,6.0
4.8721620915525365,8.0,6.0
4.871879296042988,8.0,5.992
4.870508281305111,8.0,5.952
4.869720532080612,8.0,5.928
4.868335235129294,5.048,4.992
4.863839017774737,8.0,5.0
4.836306013735646,9.984,4.0
4.7806626550452895,8.992,6.048
4.758410169459636,6.0,8.0
4.743257441080228,5.056,4.928
4.706970586697908,7.0,5.952
4.679912902402271,9.984,5.92
4.679909443796467,9.984,5.952
4.641876353203706,5.0,8.0
4.641876353203706,5.0,8.0
4.6213265339216125,7.992,5.952
4.610451530810897,5.008,6.0
4.590388587967199,5.048,4.0
4.590388587967199,5.048,4.0
4.589145337639418,8.104,8.0
4.53975777974675,6.0,5.952
4.53975777974675,6.0,5.952
4.535266618145442,4.0,8.0
4.5082063822640634,5.008,5.008
4.448826405913572,4.896,8.0
4.405264304955001,8.976,4.0
4.372516081712096,5.0,5.952
4.359774242996178,8.112,8.0
4.298684599119092,8.976,4.992
4.2934112528745025,8.976,6.0
4.284275486104055,7.976,8.0
4.284275486104055,7.976,8.0
4.2684658581680255,5.0,4.0
4.257620329098993,3.0,6.992
4.093969655269124,3.896,7.024
3.96346891971712,4.896,6.048
3.9549067496249775,8.096,4.0
3.8962314578645403,9.126,6.0
3.8849831942988824,9.144,6.976
3.8694132796071763,7.952,8.0
3.7340973494198373,6.951,7.968
3.706958605238994,9.144,5.0
3.658970397667841,9.12,4.0
3.6445863252114252,3.911,7.0
3.616816428865584,8.152,4.0
3.6111334979403518,9.136,4.008
3.576971813950875,7.952,4.0
3.550874130339014,3.904,6.0
3.4339164810408547,3.92,7.024
3.1392459120670235,4.96,5.008
3.1269474194883884,4.934,6.0
2.4530279733320253,3.928,4.0
result,x,y
5.763730148019672,9.024,7.952
5.762652013460113,9.04,5.952
5.742347898140613,9.048,5.952
5.67023630485768,9.04,5.024
5.649401273184297,9.072,8.0
5.644990267125689,9.072,7.968
5.622933638073053,9.024,6.048
5.6201902756197235,9.024,6.0
5.589068645942748,9.016,8.0
5.478752420697058,8.032,5.008
5.47195154822875,8.032,4.928
5.464801817024692,9.016,6.048
5.461004368427174,9.016,5.952
5.432052860916874,8.022,6.048
5.428694343153044,8.022,6.0
5.315215425326314,5.048,7.072
5.303436887564414,9.008,6.976
5.296469577559066,5.048,6.976
5.293332035328669,5.048,6.96
5.290190670193727,5.048,6.944
5.262984552533146,9.008,6.048
5.261460248033113,9.008,5.992
5.2604471788897635,9.008,5.952
5.259870254885723,9.008,5.928
5.253106411295739,10.0,8.0
5.214915595157811,7.024,4.976
5.179879428451337,10.0,6.048
5.179646791300509,10.0,6.0
5.1378082333184345,8.007,7.024
5.129604769967073,9.0,4.0
5.127977326323253,8.008,4.0
5.097311086230326,5.048,6.0
5.084010526542641,8.008,5.0
5.0438562897254835,6.064,5.992
5.005270247391173,8.0,8.0
5.005270247391173,8.0,8.0
5.005270247391173,8.0,8.0
5.0031723031476805,8.0,7.976
4.932094668439391,4.88,8.0
4.922231617446724,8.0,6.944
4.87615924907775,5.048,5.024
4.871322257098235,8.0,5.976
4.870508281305111,8.0,5.952
4.852540051019901,5.048,4.928
4.836306013735646,9.984,4.0
4.835851261301654,8.096,8.0
4.7806626550452895,8.992,6.048
4.779884680350898,8.992,6.0
4.758410169459636,6.0,8.0
4.736452594792834,5.056,4.904
4.710996548277808,7.992,4.0
4.7082945172839334,7.0,5.976
4.688136778518605,5.04,4.008
4.6800024252574755,9.984,6.0
4.641876353203706,5.0,8.0
4.6213265339216125,7.992,5.952
4.610451530810897,5.008,6.0
4.610451530810897,5.008,6.0
4.590388587967199,5.048,4.0
4.53975777974675,6.0,5.952
4.402248844002037,8.976,4.016
4.402248844002037,8.976,4.016
4.377865769737767,5.0,6.0
4.372516081712096,5.0,5.952
4.359774242996178,8.112,8.0
4.306367353451358,8.176,7.968
4.297325842141936,8.976,5.024
4.257620329098993,3.0,6.992
4.245290154095264,4.992,6.952
4.21706602207305,4.0,5.992
4.201775154303931,8.112,7.024
4.136260094299466,7.976,6.0
4.085212185420394,3.896,6.992
4.04205111412216,4.992,4.976
3.996896398850414,9.12,5.992
3.9289875607036024,7.968,5.992
3.9247507388781613,5.088,5.008
3.886660121661807,9.144,6.992
3.8694132796071763,7.952,8.0
3.8694132796071763,7.952,8.0
3.771825397740378,8.103,4.0
3.76786163597517,4.902,6.0
3.7210537617213086,6.944,8.0
3.7064541871876817,9.144,4.992
3.6801277130923395,9.144,4.0
3.660242987234382,8.12,4.992
3.658970397667841,9.12,4.0
3.6524511892258955,7.952,6.0
3.61183274718826,4.928,7.952
3.5979751517867,8.151,4.0
3.57964408688957,7.952,5.024
3.5458265172616596,3.904,5.984
3.542726256621309,4.976,4.0
3.4593438301436397,7.744,4.976
3.429838199791879,3.92,7.008
3.3599623693016527,3.911,6.0
3.1863566575015305,4.928,6.0
3.1863566575015305,4.928,6.0
3.1863566575015305,4.928,6.0
3.123441588572369,4.934,5.984
3.037822412140668,3.911,5.024
result,x,y
5.7678816471821595,9.024,8.0
5.765111624113268,9.024,7.968
5.765111624113268,9.024,7.968
5.762652013460113,9.04,5.952
5.649401273184297,9.072,8.0
5.618837537418173,9.024,5.976
5.602749074551772,8.022,8.0
5.585236190593755,9.016,7.952
5.518531003457869,7.024,8.0
5.498783824503833,9.072,6.952
5.497575491103946,9.072,6.944
5.464801817024692,9.016,6.048
5.432052860916874,8.022,6.048
5.4179920202655945,9.014,6.048
5.369498390575806,9.008,7.968
5.309756051218493,3.856,8.0
5.306181492260899,9.008,7.024
5.291761831631942,5.048,6.952
5.262984552533146,9.008,6.048
5.261760081026346,6.048,5.992
5.26167049624377,9.008,6.0
5.2604471788897635,9.008,5.952
5.253106411295739,10.0,8.0
5.213766994551306,7.024,4.96
5.202168242247768,10.0,5.024
5.179879428451337,10.0,6.048
5.179493837373514,10.0,5.92
5.1737994805675145,8.064,4.976
5.13664034633386,8.007,7.008
5.097311086230326,5.048,6.0
5.0938965927238655,5.048,5.984
5.075080392971569,8.007,5.952
5.0470364910065015,8.006,5.952
5.042076772223149,6.064,5.984
5.0031723031476805,8.0,7.976
5.0031723031476805,8.0,7.976
5.001082266118095,8.0,7.952
4.969135904373039,5.024,6.0
4.93692042613759,8.0,4.0
4.922231617446724,8.0,6.944
4.878413643056459,8.992,8.0
4.86243546283507,5.048,4.968
4.852540051019901,5.048,4.928
4.836306013735646,9.984,4.0
4.779765832609306,8.992,5.992
4.779765832609306,8.992,5.992
4.765662776106381,5.056,5.008
4.765662776106381,5.056,5.008
4.734175484848514,5.056,4.896
4.685995215758264,5.04,4.0
4.685995215758264,5.04,4.0
4.672246630966726,7.992,6.96
4.641876353203706,5.0,8.0
4.4552076985642675,4.88,6.048
4.4253767330244,7.984,6.976
4.408999187046442,8.976,8.0
4.372516081712096,5.0,5.952
4.369870461614889,5.0,5.928
4.343530071097649,3.896,8.0
4.317791982781345,5.904,8.0
4.317791982781345,5.904,8.0
4.314342936257288,7.096,6.0
4.297992955786662,8.976,5.008
4.297325842141936,8.976,5.024
4.294567224994532,5.001,4.0
4.2934112528745025,8.976,6.0
4.159660268104042,6.976,8.0
4.134256886355073,7.976,5.952
4.085212185420394,3.896,6.992
4.010328424033912,8.168,4.0
4.006468144098918,8.112,5.928
3.9996501364360046,7.969,4.0
3.9986071948507886,8.12,6.944
3.996896398850414,9.12,5.992
3.9906699435836255,9.12,5.952
3.9359317537942045,4.896,5.952
3.92118780512729,4.976,8.0
3.905368025573245,5.088,4.952
3.889179053081164,9.144,7.016
3.888338941665102,9.144,7.008
3.8858214197244423,9.144,6.984
3.774862848911336,4.92,8.0
3.7628930611629894,7.952,7.072
3.75259516477585,5.974,6.0
3.720523327594863,3.908,6.976
3.702532255925983,9.144,4.928
3.656910131596902,7.952,6.048
3.648152198186458,8.12,4.928
3.645878536531521,7.952,5.928
3.61183274718826,4.928,7.952
3.5862368347075173,8.112,4.016
3.584196909537553,8.112,4.008
3.5772765034051766,7.952,4.976
3.5433827042810107,8.128,4.904
3.410827455907171,4.928,6.992
3.303111669527663,4.92,5.952
3.1863566575015305,4.928,6.0
3.1426602433411075,3.92,5.952
3.130915679808947,4.96,4.928
2.950178036133682,4.928,5.024
2.507827737490535,3.92,4.0
result,x,y
5.968875302660092,9.04,8.0
5.873821273111173,9.04,7.072
5.864144496728311,9.04,6.976
5.853891284905746,8.048,8.0
5.765111624113268,9.024,7.968
5.710533406915729,9.031,5.952
5.67023630485768,9.04,5.024
5.6635632962916755,9.04,4.96
5.649401273184297,9.072,8.0
5.646093952259516,9.072,7.976
5.622933638073053,9.024,6.048
5.61973795106208,9.024,5.992
5.6174975607779825,9.024,5.952
5.55315002477351,9.024,4.0
5.516782972212444,9.072,7.072
5.497575491103946,9.072,6.944
5.481139811032596,5.048,7.952
5.4803159297294926,5.04,8.0
5.46286684559935,9.016,6.0
5.429807882754749,8.022,6.016
5.4179920202655945,9.014,6.048
5.37190507349336,9.008,8.0
5.320546244130994,9.008,4.0
5.315215425326314,5.048,7.072
5.309756051218493,3.856,8.0
5.305513853136445,7.024,6.048
5.264873950866458,9.008,6.112
5.263227726853384,6.048,6.0
5.2604471788897635,9.008,5.952
5.249169683060599,6.064,6.976
5.213766994551306,7.024,4.96
5.20894917306496,9.088,8.0
5.179879428451337,10.0,6.048
5.177723947408968,5.06,6.976
5.160393287430337,7.025,4.0
5.097311086230326,5.048,6.0
5.0938965927238655,5.048,5.984
5.075080392971569,8.007,5.952
5.075080392971569,8.007,5.952
5.046200233599842,8.004,6.976
5.005270247391173,8.0,8.0
4.929959899055974,8.0,7.056
4.925781306320144,8.0,6.996
4.925505857992407,8.0,6.992
4.86946384148785,8.0,5.92
4.864405126688334,5.048,4.976
4.860462693061651,5.048,4.96
4.852540051019901,5.048,4.928
4.818308084749138,5.024,4.952
4.813884397489191,8.992,6.976
4.7806626550452895,8.992,6.048
4.779765832609306,8.992,5.992
4.765662776106381,5.056,5.008
4.6607660247790275,9.079,4.0
4.639683836382716,7.991,6.944
4.635047787673892,5.0,7.952
4.505961613775382,5.0,7.024
4.462905989564776,6.992,6.048
4.4552076985642675,4.88,6.048
4.428065969847069,4.88,5.952
4.426501677574922,7.984,6.992
4.408999187046442,8.976,8.0
4.372516081712096,5.0,5.952
4.372516081712096,5.0,5.952
4.3251346655381795,7.096,6.048
4.3251346655381795,7.096,6.048
4.303366617088369,8.976,4.896
4.2994010708640795,8.976,4.976
4.294567224994532,5.001,4.0
4.285249579157512,5.0,4.968
4.255370613454937,6.983,7.008
4.1936688670591025,8.112,6.976
4.137660109826141,4.88,5.024
4.134256886355073,7.976,5.952
4.109198932135166,3.896,7.08
4.004951328620735,8.112,5.92
3.998139051910416,9.12,6.0
3.9906699435836255,9.12,5.952
3.972608333142716,6.976,5.984
3.947458712958072,4.896,5.992
3.938471364979667,6.976,5.024
3.9081532551971634,5.088,4.96
3.8907717533767237,5.92,8.0
3.8849831942988824,9.144,6.976
3.783149919628481,9.144,5.952
3.7522893460160383,7.952,6.976
3.748201608545751,5.974,5.952
3.7461897417571666,3.908,7.072
3.720523327594863,3.908,6.976
3.7044676508250163,9.144,4.96
3.6710213899926534,7.954,5.952
3.664730937630058,8.119,4.928
3.6524511892258955,7.952,6.0
3.6524511892258955,7.952,6.0
3.543297711818112,3.904,5.976
3.4073438430725513,4.928,6.976
3.3801887801826176,7.936,4.0
3.1863566575015305,4.928,6.0
3.1426602433411075,3.92,5.952
3.0408705550238775,4.92,4.976
2.936314882858683,4.928,4.968
result,x,y
5.9638980170054205,9.04,7.952
5.884026811152992,9.031,8.0
5.873821273111173,9.04,7.072
5.862031413854748,9.048,6.976
5.772068863572443,9.04,6.048
5.762652013460113,9.04,5.952
5.688384741954344,9.024,7.024
5.6635632962916755,9.04,4.96
5.660197690780813,9.04,4.928
5.660197690780813,9.04,4.928
5.644990267125689,9.072,7.968
5.61973795106208,9.024,5.992
5.6174975607779825,9.024,5.952
5.6174975607779825,9.024,5.952
5.584810498152073,8.048,5.952
5.518531003457869,7.024,8.0
5.507212411295498,9.072,7.008
5.504751804943247,9.056,4.952
5.489901941885626,5.048,8.0
5.432052860916874,8.022,6.048
5.4179920202655945,9.014,6.048
5.414548653241303,9.014,5.952
5.353871559181432,9.072,6.048
5.337232522380257,9.072,5.952
5.318917025410531,9.008,4.016
5.315215425326314,5.048,7.072
5.304345744495126,9.008,6.992
5.300929083100023,7.024,6.0
5.299410537100117,7.024,5.984
5.29860282897841,5.04,6.976
5.264873950866458,9.008,6.112
5.262984552533146,9.008,6.048
5.20894917306496,9.088,8.0
5.184616141594489,5.06,7.008
5.179879428451337,10.0,6.048
5.134321760712282,8.007,6.976
5.107521300097875,5.048,6.048
5.075080392971569,8.007,5.952
5.073801246512439,8.007,5.92
5.053047118078013,8.004,7.072
5.046200233599842,8.004,6.976
5.0166629724702325,5.056,6.0
4.997827151097429,8.999,5.952
4.993402101114794,8.004,6.048
4.953399692171081,9.096,7.952
4.925781306320144,8.0,6.996
4.922231617446724,8.0,6.944
4.898928953165502,7.008,4.96
4.898881834050336,9.991,5.952
4.871322257098235,8.0,5.976
4.86583134713597,8.0,4.928
4.860462693061651,5.048,4.96
4.852540051019901,5.048,4.928
4.844565664463541,5.048,4.896
4.818308084749138,5.024,4.952
4.813884397489191,8.992,6.976
4.778838850774097,8.992,5.92
4.639683836382716,7.991,6.944
4.635047787673892,5.0,7.952
4.579045821679079,9.184,4.96
4.5445697837499335,7.095,6.944
4.4952348938837465,5.0,6.944
4.466524510328842,8.096,5.952
4.408999187046442,8.976,8.0
4.408999187046442,8.976,8.0
4.408999187046442,8.976,8.0
4.408999187046442,8.976,8.0
4.390410864563934,4.992,8.0
4.383290923333719,5.0,6.048
4.37231083657528,7.984,6.0
4.3251346655381795,7.096,6.048
4.317791982781345,5.904,8.0
4.294567224994532,5.001,4.0
4.2295905575392485,5.088,5.992
4.134256886355073,7.976,5.952
4.133793685607252,4.992,6.048
4.061639427222065,8.967,5.952
4.004951328620735,8.112,5.92
3.998139051910416,9.12,6.0
3.9899298811512813,9.144,7.952
3.9849135431365825,5.112,7.952
3.9787125505199303,3.908,8.0
3.961591861966702,9.156,6.976
3.9385773901578256,6.976,4.976
3.912094399767381,9.136,6.976
3.8933864932037103,9.144,7.056
3.783149919628481,9.144,5.952
3.748201608545751,5.974,5.952
3.656910131596902,7.952,6.048
3.621480746373681,4.928,8.0
3.618402547135593,4.896,4.952
3.5975720567099856,6.96,5.952
3.5858400228980094,3.904,6.112
3.565014315679231,4.919,6.944
3.5594176713037857,8.128,5.008
3.552258965442471,5.959,7.008
3.535691187002782,3.904,5.952
3.482960045019363,4.944,8.0
3.482960045019363,4.944,8.0
3.3132976978803113,4.92,5.992
3.0340908028360487,4.92,4.952
result,x,y
5.9655564695157866,9.04,7.968
5.873821273111173,9.04,7.072
5.864144496728311,9.04,6.976
5.847758964635025,8.048,7.952
5.7752097589181535,9.04,6.08
5.762652013460113,9.04,5.952
5.762652013460113,9.04,5.952
5.762652013460113,9.04,5.952
5.684787530086013,9.024,6.976
5.684787530086013,9.024,6.976
5.660197690780813,9.04,4.928
5.64324842686595,9.031,4.952
5.619287037099765,9.024,5.984
5.615730947161012,9.024,5.92
5.504751804943247,9.056,4.952
5.503339336887665,9.056,4.944
5.503339336887665,9.056,4.944
5.489901941885626,5.048,8.0
5.463055303579517,9.014,6.944
5.432052860916874,8.022,6.048
5.432052860916874,8.022,6.048
5.416809898210165,9.014,6.016
5.405001649116233,7.024,7.008
5.39798035283707,7.024,6.944
5.368621898150138,9.012,6.048
5.337232522380257,9.072,5.952
5.304802436585784,9.008,7.0
5.303980775834246,7.024,6.032
5.300929083100023,7.024,6.0
5.296469577559066,5.048,6.976
5.188053558004276,5.06,7.024
5.184616141594489,5.06,7.008
5.179879428451337,10.0,6.048
5.179879428451337,10.0,6.048
5.141703220396707,9.072,4.96
5.11647292609127,5.04,6.0
5.110913776043102,5.048,6.064
5.107521300097875,5.048,6.048
5.053047118078013,8.004,7.072
5.005270247391173,8.0,8.0
4.99820507111373,8.999,5.976
4.997862777731436,5.056,5.92
4.997827151097429,8.999,5.952
4.997827151097429,8.999,5.952
4.976365633893683,5.024,6.048
4.949476399567325,9.992,6.944
4.932094668439391,4.88,8.0
4.922231617446724,8.0,6.944
4.898881834050336,9.991,5.952
4.8988242020574715,7.008,4.952
4.871879296042988,8.0,5.992
4.870508281305111,8.0,5.952
4.864893751446536,8.0,4.96
4.860462693061651,5.048,4.96
4.858486792394661,5.048,4.952
4.852540051019901,5.048,4.928
4.815040561546316,5.024,4.928
4.814707549331478,8.992,6.992
4.74952269254067,7.992,7.952
4.740678432516438,7.993,4.0
4.711113327055945,7.096,8.0
4.674538960425664,4.871,5.952
4.641785396114203,9.096,6.048
4.639683836382716,7.991,6.944
4.580995891249225,9.184,4.928
4.574467585082075,7.088,6.048
4.5445697837499335,7.095,6.944
4.469424165164537,8.982,6.048
4.4615184182666034,7.984,4.016
4.408999187046442,8.976,8.0
4.408999187046442,8.976,8.0
4.4052030826893676,8.976,7.952
4.390410864563934,4.992,8.0
4.390410864563934,4.992,8.0
4.389555399465229,9.104,5.984
4.317791982781345,5.904,8.0
4.303466296812623,7.096,5.952
4.294567224994532,5.001,4.0
4.286801604299544,9.12,8.0
4.244228680516006,4.992,6.944
4.2182940119867425,5.088,5.952
4.162213033882634,8.12,8.0
4.135580266645891,7.976,5.984
4.134256886355073,7.976,5.952
4.134256886355073,7.976,5.952
4.133793685607252,4.992,6.048
4.108793994028823,4.899,6.944
4.106454363846349,7.975,5.952
4.046092526719193,7.096,4.928
3.9944084618060516,9.12,5.976
3.9706021174497113,6.976,5.952
3.8593821725837074,6.928,8.0
3.77941332823672,9.142,5.952
3.694055867673703,5.959,8.0
3.648152198186458,8.12,4.928
3.5931905961128607,6.96,5.904
3.5470767330132267,8.128,4.928
3.370941155623275,3.91,5.952
3.3269162291547643,4.935,6.976
3.1099655035336973,4.935,5.952
2.875596496700052,4.912,4.016
result,x,y
5.873821273111173,9.04,7.072
5.860925814691326,9.04,6.944
5.853891284905746,8.048,8.0
5.7752097589181535,9.04,6.08
5.765790209308497,9.04,5.984
5.764293315373578,9.046,6.048
5.764221041123471,9.04,5.968
5.762652013460113,9.04,5.952
5.762652013460113,9.04,5.952
5.762652013460113,9.04,5.952
5.762652013460113,9.04,5.952
5.75951425721154,9.04,5.92
5.753848056487358,9.028,7.008
5.734190173234467,8.048,7.072
5.682408449574416,9.024,6.944
5.66061236182149,9.056,5.952
5.660197690780813,9.04,4.928
5.660197690780813,9.04,4.928
5.656076111906811,9.056,5.92
5.642749410442586,9.031,4.944
5.6348143477044,9.03,4.928
5.6174975607779825,9.024,5.952
5.6139874280654345,9.024,5.888
5.5892098720574825,8.048,5.984
5.5534579956663785,9.024,4.016
5.518531003457869,7.024,8.0
5.497575491103946,9.072,6.944
5.489901941885626,5.048,8.0
5.468033359786895,9.014,7.024
5.465030502909585,9.014,6.976
5.465030502909585,9.014,6.976
5.436914957059024,5.056,8.0
5.432052860916874,8.022,6.048
5.4253899953658635,8.022,5.952
5.368300442628659,9.008,7.952
5.353871559181432,9.072,6.048
5.305961682533956,8.016,6.0
5.300929083100023,7.024,6.0
5.300929083100023,7.024,6.0
5.293958867014602,5.047,6.944
5.272015097849354,5.024,7.952
5.265642135694861,8.016,4.928
5.259998987497887,9.008,4.952
5.253106411295739,10.0,8.0
5.2016855819344885,10.0,6.976
5.141703220396707,9.072,4.96
5.12255732358451,7.008,8.0
5.107521300097875,5.048,6.048
5.087050673566721,5.048,5.952
5.005270247391173,8.0,8.0
4.999497863787385,8.999,6.048
4.99820507111373,8.999,5.976
4.997827151097429,8.999,5.952
4.997153019609645,8.999,5.904
4.952490734455714,9.992,7.024
4.932094668439391,4.88,8.0
4.922231617446724,8.0,6.944
4.87615924907775,5.048,5.024
4.818116337888322,4.024,6.048
4.815040561546316,5.024,4.928
4.751313132701191,5.008,7.072
4.683263632776348,4.871,5.984
4.641785396114203,9.096,6.048
4.635810186081065,9.096,6.016
4.62500901271214,7.992,6.064
4.590490498017352,7.991,5.976
4.560763361431481,7.99,6.032
4.559436914747446,9.184,5.952
4.498374159305174,7.988,6.048
4.470884602494732,8.982,6.112
4.390410864563934,4.992,8.0
4.390410864563934,4.992,8.0
4.389555399465229,9.104,5.984
4.335858894975256,4.884,6.048
4.334788461748392,8.976,6.944
4.284275486104055,7.976,8.0
4.213809067209224,4.896,6.992
4.184718294638272,8.119,8.0
4.165762913239765,7.108,7.008
4.162213033882634,8.12,8.0
4.152573121736281,6.983,4.952
4.143873157725672,9.12,6.976
4.1392597571073875,9.12,6.944
4.134256886355073,7.976,5.952
4.133793685607252,4.992,6.048
4.108793994028823,4.899,6.944
4.095010845243575,7.975,4.96
4.052807616244386,7.096,4.952
4.052807616244386,7.096,4.952
4.046092526719193,7.096,4.928
3.8969792515272172,5.088,4.928
3.783149919628481,9.144,5.952
3.7758841912122665,4.976,7.008
3.645727081797425,4.976,6.032
3.5470767330132267,8.128,4.928
3.5445643736128796,6.96,4.016
3.396714402149866,5.958,5.952
3.256049168803605,5.956,4.928
3.132544003026423,4.96,4.944
3.1030288637417445,4.935,5.92
2.875596496700052,4.912,4.016
result,x,y
5.83930052133425,9.028,8.0
5.7678816471821595,9.024,8.0
5.76500560578737,9.04,5.976
5.762652013460113,9.04,5.952
5.762652013460113,9.04,5.952
5.762652013460113,9.04,5.952
5.75951425721154,9.04,5.92
5.759053932336455,9.028,7.072
5.756376686117553,9.04,5.888
5.7533034830879775,9.046,5.952
5.751263513785052,9.028,6.976
5.733146525671267,8.048,7.064
5.684787530086013,9.024,6.976
5.682408449574416,9.024,6.944
5.682408449574416,9.024,6.944
5.682408449574416,9.024,6.944
5.6635632962916755,9.04,4.96
5.660197690780813,9.04,4.928
5.6174975607779825,9.024,5.952
5.602343524164946,8.048,6.08
5.518531003457869,7.024,8.0
5.502402408627402,9.072,6.976
5.492152605612715,5.047,8.0
5.467027123188608,9.014,7.008
5.465030502909585,9.014,6.976
5.443528663337809,9.08,8.0
5.4185957322642615,9.014,6.064
5.370259301324075,8.022,4.944
5.367106131659687,9.008,7.936
5.365507426666561,9.012,5.952
5.353871559181432,9.072,6.048
5.305961682533956,8.016,6.0
5.300929083100023,7.024,6.0
5.296388218929857,7.024,5.952
5.293958867014602,5.047,6.944
5.290190670193727,5.048,6.944
5.2604471788897635,9.008,5.952
5.253106411295739,10.0,8.0
5.141703220396707,9.072,4.96
5.141703220396707,9.072,4.96
5.107521300097875,5.048,6.048
5.107521300097875,5.048,6.048
5.087050673566721,5.048,5.952
5.048458735824907,8.004,7.008
5.011014108671572,8.999,4.96
5.005270247391173,8.0,8.0
4.999655946187032,8.999,6.056
4.99820507111373,8.999,5.976
4.969135904373039,5.024,6.0
4.939157561542641,7.008,5.952
4.922231617446724,8.0,6.944
4.921015658463317,4.872,7.024
4.898855694058091,9.991,5.976
4.883713840328472,5.008,8.0
4.88085982037397,9.072,4.016
4.858486792394661,5.048,4.952
4.815040561546316,5.024,4.928
4.742415954788444,5.008,7.008
4.742415954788444,5.008,7.008
4.68583625590574,9.094,5.952
4.626782386927786,9.096,5.968
4.626782386927786,9.096,5.968
4.625582952924493,7.992,6.08
4.623755441343994,9.096,5.952
4.621528290088698,7.992,4.96
4.6213265339216125,7.992,5.952
4.604700686757674,5.008,5.952
4.5917837212814705,7.991,6.016
4.590490498017352,7.991,5.976
4.561380156353371,9.184,6.08
4.559436914747446,9.184,5.952
4.538850381905409,6.992,7.072
4.519024670158901,5.078,5.952
4.498374159305174,7.988,6.048
4.467602721498089,8.982,5.952
4.459687808532678,4.88,6.064
4.436492179855565,6.992,4.928
4.412231933362273,9.096,4.952
4.390410864563934,4.992,8.0
4.389555399465229,9.104,5.984
4.292784880389696,4.886,6.112
4.286801604299544,9.12,8.0
4.25274762351157,4.992,7.008
4.143873157725672,9.12,6.976
4.139097249835533,7.976,6.064
4.0199933137793495,8.119,6.944
3.998139051910416,9.12,6.0
3.9285468692339363,7.968,5.984
3.8988273312510073,7.11,5.952
3.8969792515272172,5.088,4.928
3.8285131716227845,9.12,4.96
3.766804541069889,4.976,6.944
3.723781911194866,6.966,6.032
3.6526938692527686,8.12,4.952
3.595443829685394,7.943,5.984
3.5437473749538655,4.976,4.96
3.463121540314023,7.12,4.928
3.446105994660611,3.92,7.072
3.396714402149866,5.958,5.952
3.095864604386393,4.944,5.952
2.9076070415349164,4.944,4.928
result,x,y
5.773639159024697,9.04,6.064
5.7678816471821595,9.024,8.0
5.765790209308497,9.04,5.984
5.765790209308497,9.04,5.984
5.762652013460113,9.04,5.952
5.756376686117553,9.04,5.888
5.699959406492458,9.03,5.952
5.687181895481379,9.024,7.008
5.684787530086013,9.024,6.976
5.683596065550134,9.024,6.96
5.682408449574416,9.024,6.944
5.682408449574416,9.024,6.944
5.682408449574416,9.024,6.944
5.6635632962916755,9.04,4.96
5.6635632962916755,9.04,4.96
5.6635632962916755,9.04,4.96
5.66061236182149,9.056,5.952
5.660197690780813,9.04,4.928
5.63048279653133,9.046,4.944
5.6174975607779825,9.024,5.952
5.6174975607779825,9.024,5.952
5.5892098720574825,8.048,5.984
5.507212411295498,9.072,7.008
5.492152605612715,5.047,8.0
5.492152605612715,5.047,8.0
5.465030502909585,9.014,6.976
5.463055303579517,9.014,6.944
5.4395693738913335,8.048,4.96
5.414548653241303,9.014,5.952
5.373551441435701,8.022,5.024
5.359352818937321,9.072,6.08
5.359352818937321,9.072,6.08
5.359352818937321,9.072,6.08
5.311693556372209,7.024,6.112
5.303263809456389,8.016,5.952
5.300181789546153,5.047,6.976
5.293385829055429,7.024,5.92
5.293385829055429,7.024,5.92
5.2877213375549825,5.047,6.912
5.253106411295739,10.0,8.0
5.046200233599842,8.004,6.976
5.012584565831186,8.999,4.928
5.000147182786166,8.999,6.08
4.967066666633931,8.998,5.952
4.922231617446724,8.0,6.944
4.909686052608451,4.872,6.976
4.906859827593994,5.062,5.952
4.883713840328472,5.008,8.0
4.871322257098235,8.0,5.976
4.852540051019901,5.048,4.928
4.8106976967225785,5.024,4.896
4.753544020114173,5.008,7.088
4.742415954788444,5.008,7.008
4.742415954788444,5.008,7.008
4.691152953217742,7.99,8.0
4.686503543063896,5.072,5.968
4.6499875898884495,6.999,4.96
4.626782386927786,9.096,5.968
4.626782386927786,9.096,5.968
4.621569629657525,7.992,5.96
4.621528290088698,7.992,4.96
4.610483354241337,9.185,4.96
4.600902465499287,5.008,5.92
4.595193650916691,7.991,6.112
4.5917837212814705,7.991,6.016
4.580995891249225,9.184,4.928
4.577699661503051,5.011,4.96
4.519024670158901,5.078,5.952
4.504376702311566,5.008,4.96
4.471058893170619,9.094,4.944
4.431644343213473,7.984,7.064
4.428065969847069,4.88,5.952
4.295034575246263,4.886,6.12
4.292784880389696,4.886,6.112
4.24973060150983,5.088,6.064
4.224489569548203,5.104,8.0
4.2182940119867425,5.088,5.952
4.159660268104042,6.976,8.0
4.139097249835533,7.976,6.064
4.123298161513294,4.992,5.952
4.1153156986279775,4.88,4.96
4.053169736492995,6.976,6.976
3.9944084618060516,9.12,5.976
3.9906699435836255,9.12,5.952
3.9906699435836255,9.12,5.952
3.9294309589409435,7.968,6.0
3.916706225789217,9.158,5.952
3.821961236373605,6.96,7.936
3.787298817008233,9.142,6.032
3.7317272318725054,4.903,5.976
3.727373207068067,4.904,6.064
3.665043212397499,6.966,4.944
3.6029272518544335,7.943,6.048
3.3760968067877144,4.932,7.072
3.3638937537168916,4.918,6.032
3.355879639891066,4.932,6.976
3.3289588688608087,4.919,5.976
3.3169695749057455,5.952,5.952
3.1703276541341747,3.92,6.048
3.1022682294356576,3.96,5.952
3.095864604386393,4.944,5.952
result,x,y
5.968875302660092,9.04,8.0
5.780866770010027,9.042,6.12
5.7752097589181535,9.04,6.08
5.771585705443301,9.046,6.112
5.770498847330894,9.04,6.032
5.770498847330894,9.04,6.032
5.7678816471821595,9.024,8.0
5.7678816471821595,9.024,8.0
5.7678816471821595,9.024,8.0
5.7678816471821595,9.024,8.0
5.765790209308497,9.04,5.984
5.761083095930102,9.04,5.936
5.75951425721154,9.04,5.92
5.759053932336455,9.028,7.072
5.756376686117553,9.04,5.888
5.728756153407158,9.032,6.064
5.701092271980634,9.03,5.968
5.684787530086013,9.024,6.976
5.683596065550134,9.024,6.96
5.682408449574416,9.024,6.944
5.682408449574416,9.024,6.944
5.682408449574416,9.024,6.944
5.671893354244144,9.04,5.04
5.6635632962916755,9.04,4.96
5.6635632962916755,9.04,4.96
5.660197690780813,9.04,4.928
5.649401273184297,9.072,8.0
5.635736369506131,9.03,4.944
5.63048279653133,9.046,4.944
5.617942795594371,9.024,5.96
5.6174975607779825,9.024,5.952
5.608270236196533,9.027,4.928
5.584810498152073,8.048,5.952
5.508766715607289,7.031,6.976
5.502402408627402,9.072,6.976
5.492152605612715,5.047,8.0
5.484478849148359,9.012,8.0
5.465030502909585,9.014,6.976
5.42145061905215,9.015,4.928
5.37190507349336,9.008,8.0
5.362081683765462,9.072,6.096
5.3259689229687055,9.072,5.888
5.296388218929857,7.024,5.952
5.293385829055429,7.024,5.92
5.259777585604988,9.008,4.96
5.141703220396707,9.072,4.96
5.141703220396707,9.072,4.96
5.137860373603409,5.04,6.112
5.131763880936126,5.04,6.08
5.127075908500267,5.025,6.912
5.116062359158821,9.08,5.952
5.016668375159785,7.072,5.952
5.012183868660271,8.999,4.936
4.938477046144664,5.062,6.08
4.932094668439391,4.88,8.0
4.930523591349418,8.0,7.064
4.909686052608451,4.872,6.976
4.871322257098235,8.0,5.976
4.815040561546316,5.024,4.928
4.800898038320148,8.992,4.896
4.742401411798697,7.095,8.0
4.73356320238002,5.008,6.944
4.7245985851586845,5.072,6.112
4.705200216377772,4.88,7.008
4.691902957633265,9.094,5.984
4.691152953217742,7.99,8.0
4.689585140939215,4.88,6.944
4.68397280703569,4.872,6.08
4.6403270696753625,4.872,5.92
4.621815854364601,7.992,5.968
4.614516311032635,9.185,4.896
4.604700686757674,5.008,5.952
4.504376702311566,5.008,4.96
4.503128716966479,5.008,4.944
4.471058893170619,9.094,4.944
4.457749687444291,6.992,5.952
4.43691426346075,7.984,7.136
4.432621168981163,4.88,5.968
4.431066546090628,7.984,7.056
4.408999187046442,8.976,8.0
4.374290744626294,5.0,5.968
4.371215546507725,7.984,5.968
4.292784880389696,4.886,6.112
4.128504303704387,4.992,6.0
4.11559864858938,4.983,8.0
4.010517910972665,9.12,6.08
3.9966498234643195,9.143,8.0
3.923605800147235,9.152,7.008
3.916706225789217,9.158,5.952
3.82395991597589,6.96,7.952
3.7609058934313726,4.903,6.08
3.7609058934313726,4.903,6.08
3.7609058934313726,4.903,6.08
3.7609058934313726,4.903,6.08
3.695970912181399,4.904,5.952
3.6480535576493796,7.952,5.952
3.6323953253812715,4.976,5.92
3.621480746373681,4.928,8.0
3.489147150324334,7.136,6.064
3.372736639037158,4.932,7.056
3.3051523206754796,4.92,5.96
result,x,y
5.9638980170054205,9.04,7.952
5.869991046937494,9.03,8.0
5.864910897716278,9.046,6.944
5.864144496728311,9.04,6.976
5.864144496728311,9.04,6.976
5.83930052133425,9.028,8.0
5.778351969017828,9.04,6.112
5.776730091297873,9.042,6.08
5.771585705443301,9.046,6.112
5.770498847330894,9.04,6.032
5.770498847330894,9.04,6.032
5.7678816471821595,9.024,8.0
5.765790209308497,9.04,5.984
5.759053932336455,9.028,7.072
5.7391104286560015,9.04,5.712
5.728756153407158,9.032,6.064
5.696907883453987,9.024,7.136
5.69323325735103,9.024,7.088
5.6859828158137145,9.024,6.992
5.684787530086013,9.024,6.976
5.684787530086013,9.024,6.976
5.6760453087956755,9.028,5.952
5.6635632962916755,9.04,4.96
5.66061236182149,9.056,5.952
5.649401273184297,9.072,8.0
5.649401273184297,9.072,8.0
5.6431924761008165,9.03,5.072
5.62666885007203,9.024,6.112
5.6196160822832075,9.028,4.96
5.618837537418173,9.024,5.976
5.502402408627402,9.072,6.976
5.502402408627402,9.072,6.976
5.498035934917808,8.056,5.92
5.47954415015729,9.012,7.936
5.471120155736881,9.079,8.0
5.471120155736881,9.079,8.0
5.465030502909585,9.014,6.976
5.42145061905215,9.015,4.928
5.400047963061697,7.072,8.0
5.351118973050823,9.072,6.032
5.344300973927831,7.026,6.12
5.342812211503862,9.072,5.984
5.337232522380257,9.072,5.952
5.331618380858011,9.072,5.92
5.318404836838359,9.079,6.976
5.3023804190438435,8.016,5.936
5.302342269738252,4.864,8.0
5.293385829055429,7.024,5.92
5.279504887208575,5.024,8.0
5.213766994551306,7.024,4.96
5.14523143601651,9.08,6.112
5.141703220396707,9.072,4.96
5.138070554446225,4.872,8.0
5.13533341774688,9.072,4.932
5.134418410850371,9.072,4.928
5.127075908500267,5.025,6.912
5.012584565831186,8.999,4.928
4.9233165982577,8.0,6.96
4.909686052608451,4.872,6.976
4.86946384148785,8.0,5.92
4.742242446543618,4.87,6.112
4.691902957633265,9.094,5.984
4.6817275488283645,4.88,6.912
4.649151065391099,4.872,5.952
4.636106835366364,5.062,4.96
4.626384208799073,5.062,4.928
4.62160028486587,7.99,7.136
4.560557536391376,9.184,6.032
4.55303298665719,9.104,6.944
4.508251803076191,7.984,8.0
4.504376702311566,5.008,4.96
4.435143837410979,7.984,7.112
4.3752639201517685,7.984,6.08
4.371484659444613,7.984,5.976
4.371215546507725,7.984,5.968
4.334788461748392,8.976,6.944
4.311210935981789,4.998,5.952
4.297281263109711,4.886,6.128
4.292250050882921,8.976,5.952
4.224652345703626,4.998,4.944
4.140398088343381,8.968,6.976
4.121486891099376,9.168,6.112
4.089810167047103,8.968,6.08
4.077292508197442,9.158,8.0
3.9499725268327346,9.155,6.976
3.931044105313567,6.966,8.0
3.921987875200087,8.96,6.0
3.916706225789217,9.158,5.952
3.8694132796071763,7.952,8.0
3.8249597757969482,6.96,7.96
3.7474964639110535,4.903,6.032
3.7049975851640435,4.904,5.984
3.6524511892258955,7.952,6.0
3.651573386775122,4.976,6.08
3.5437473749538655,4.976,4.96
3.5210460981904936,4.899,4.928
3.432894849554307,4.968,5.984
3.4102651869687444,4.903,4.936
3.372736639037158,4.932,7.056
3.089751623916787,4.944,5.92
2.9076070415349164,4.944,4.928
result,x,y
5.974655849821081,9.044,7.936
5.9655564695157866,9.04,7.968
5.962240214691688,9.04,7.936
5.8684696538067245,9.046,6.976
5.8657411479826465,9.047,6.976
5.864144496728311,9.04,6.976
5.864144496728311,9.04,6.976
5.864144496728311,9.04,6.976
5.83930052133425,9.028,8.0
5.83930052133425,9.028,8.0
5.776730091297873,9.042,6.08
5.776730091297873,9.042,6.08
5.776730091297873,9.042,6.08
5.770498847330894,9.04,6.032
5.7678816471821595,9.024,8.0
5.7678816471821595,9.024,8.0
5.763476833491422,9.042,5.952
5.762351055265325,9.024,7.936
5.761083095930102,9.04,5.936
5.761083095930102,9.04,5.936
5.720171359999452,9.032,5.952
5.699959406492458,9.03,5.952
5.69567941911753,9.024,7.12
5.6938434437073715,9.024,7.096
5.692015612632878,9.024,7.072
5.687181895481379,9.024,7.008
5.684787530086013,9.024,6.976
5.682408449574416,9.024,6.944
5.6635632962916755,9.04,4.96
5.6635632962916755,9.04,4.96
5.649401273184297,9.072,8.0
5.62666885007203,9.024,6.112
5.624790287568719,9.024,6.08
5.6196160822832075,9.028,4.96
5.6196160822832075,9.028,4.96
5.619287037099765,9.024,5.984
5.6188388911044616,9.028,4.944
5.6180651971205116,9.028,4.928
5.555255060841711,9.063,6.032
5.52564928942078,8.023,6.976
5.516553565633605,8.055,5.952
5.507212411295498,9.072,7.008
5.47954415015729,9.012,7.936
5.471120155736881,9.079,8.0
5.42145061905215,9.015,4.928
5.401485269363866,7.024,6.976
5.400047963061697,7.072,8.0
5.359352818937321,9.072,6.08
5.34348755156674,7.026,6.112
5.342812211503862,9.072,5.984
5.342812211503862,9.072,5.984
5.337232522380257,9.072,5.952
5.331618380858011,9.072,5.92
5.290156809513108,9.08,6.976
5.279504887208575,5.024,8.0
5.235748628543029,7.026,4.928
5.213766994551306,7.024,4.96
5.1396775327542805,5.025,6.992
5.137860373603409,5.04,6.112
5.137156233118175,5.025,6.976
5.137156233118175,5.025,6.976
5.13533341774688,9.072,4.932
5.11340603668702,5.04,5.984
4.995602367186804,8.999,5.712
4.9896542401385355,8.004,5.952
4.926610016754344,8.0,7.008
4.878413643056459,8.992,8.0
4.840727101803783,4.864,5.976
4.742242446543618,4.87,6.112
4.6947042622954855,4.872,6.12
4.689585140939215,4.88,6.944
4.626384208799073,5.062,4.928
4.610425387524623,7.99,6.976
4.608527566771702,5.008,5.984
4.43691426346075,7.984,7.136
4.3913625744656795,4.87,4.928
4.37231083657528,7.984,6.0
4.371756923108314,7.984,5.984
4.370686839435518,7.984,5.952
4.331460707603959,8.977,4.928
4.330976928720834,4.998,6.128
4.325044764072601,6.982,8.0
4.292784880389696,4.886,6.112
4.286801604299544,9.12,8.0
4.121486891099376,9.168,6.112
4.114020026753813,9.121,6.912
4.053169736492995,6.976,6.976
3.9589095848542595,4.896,6.032
3.79888430334196,8.16,6.032
3.724790674538621,4.982,4.928
3.6555125719303097,4.976,6.112
3.6509783744675337,7.952,5.984
3.6399588026027003,4.976,5.984
3.608708612601131,7.944,6.08
3.5975720567099856,6.96,5.952
3.5414617641023076,4.934,8.0
3.484825056111318,4.912,5.968
3.4075474025607466,4.903,4.928
3.4075474025607466,4.903,4.928
3.349110692104697,4.932,6.944
3.307207681343551,4.95,6.944
result,x,y
5.968875302660092,9.04,8.0
5.869991046937494,9.03,8.0
5.869529380736172,9.042,6.976
5.86896734769101,9.041,6.992
5.8684696538067245,9.046,6.976
5.86575513335738,9.04,6.992
5.8657411479826465,9.047,6.976
5.8657411479826465,9.047,6.976
5.864910897716278,9.046,6.944
5.864144496728311,9.04,6.976
5.864144496728311,9.04,6.976
5.803823032297934,9.032,6.976
5.780039571330996,9.042,6.112
5.776730091297873,9.042,6.08
5.7752097589181535,9.04,6.08
5.769081900469926,9.044,6.032
5.7678816471821595,9.024,8.0
5.7678816471821595,9.024,8.0
5.763891474789513,9.042,5.956
5.763476833491422,9.042,5.952
5.762652013460113,9.04,5.952
5.762652013460113,9.04,5.952
5.762351055265325,9.024,7.936
5.759053932336455,9.028,7.072
5.71262039297496,9.03,6.128
5.703876380495018,9.025,6.992
5.702657949013782,9.025,6.976
5.694454534984831,9.024,7.104
5.692623979221684,9.024,7.08
5.692015612632878,9.024,7.072
5.684787530086013,9.024,6.976
5.682408449574416,9.024,6.944
5.682408449574416,9.024,6.944
5.6760453087956755,9.028,5.952
5.673546222997324,9.04,5.056
5.6635632962916755,9.04,4.96
5.649401273184297,9.072,8.0
5.649401273184297,9.072,8.0
5.62666885007203,9.024,6.112
5.624449904125017,8.04,6.12
5.622013605810804,9.024,6.032
5.6196160822832075,9.028,4.96
5.619287037099765,9.024,5.984
5.6188388911044616,9.028,4.944
5.6188388911044616,9.028,4.944
5.6180651971205116,9.028,4.928
5.6180651971205116,9.028,4.928
5.6180651971205116,9.028,4.928
5.555255060841711,9.063,6.032
5.516553565633605,8.055,5.952
5.502402408627402,9.072,6.976
5.471120155736881,9.079,8.0
5.42145061905215,9.015,4.928
5.405001649116233,7.024,7.008
5.3815454663898485,5.03,8.0
5.366160538036138,9.072,6.12
5.364802830304833,9.072,6.112
5.357985463016565,9.072,6.072
5.34348755156674,7.026,6.112
5.342812211503862,9.072,5.984
5.311693556372209,7.024,6.112
5.290156809513108,9.08,6.976
5.290156809513108,9.08,6.976
5.279504887208575,5.024,8.0
5.213766994551306,7.024,4.96
5.213766994551306,7.024,4.96
5.205651635253761,9.078,6.128
5.170073264559006,9.072,5.088
5.149766913103995,5.025,7.056
5.137156233118175,5.025,6.976
5.137156233118175,5.025,6.976
5.106558315616789,9.073,4.928
5.006353244885947,8.005,4.928
4.9675569756522675,8.998,5.984
4.9645588144001405,4.87,7.008
4.961349867699001,9.078,4.928
4.926610016754344,8.0,7.008
4.926610016754344,8.0,7.008
4.845419436673804,8.993,6.976
4.7803910686527304,8.992,6.032
4.742242446543618,4.87,6.112
4.738002363138417,4.87,6.096
4.612608604163809,7.99,7.008
4.608527566771702,5.008,5.984
4.560557536391376,9.184,6.032
4.3913625744656795,4.87,4.928
4.369667972335492,7.984,5.92
4.325044764072601,6.982,8.0
4.114020026753813,9.121,6.912
4.062407580698078,6.976,7.072
4.000404794498699,8.961,6.912
3.920682311422609,8.96,5.976
3.736823098427553,7.937,6.976
3.7210537617213086,6.944,8.0
3.701454554880734,7.12,6.112
3.680738478420775,5.095,4.928
3.636158387044675,4.976,5.952
3.600537503262535,6.96,5.984
3.477124352267233,4.944,7.968
3.349110692104697,4.932,6.944
3.312948208624271,4.95,6.976
result,x,y
5.968875302660092,9.04,8.0
5.968875302660092,9.04,8.0
5.877361854438172,9.046,7.056
5.869991046937494,9.03,8.0
5.869354571461175,9.047,7.008
5.86896734769101,9.041,6.992
5.86896734769101,9.041,6.992
5.86896734769101,9.041,6.992
5.867548086242889,9.047,6.992
5.867328746755955,9.041,6.976
5.86575513335738,9.04,6.992
5.8657411479826465,9.047,6.976
5.8657411479826465,9.047,6.976
5.864910897716278,9.046,6.944
5.864144496728311,9.04,6.976
5.864144496728311,9.04,6.976
5.864144496728311,9.04,6.976
5.83930052133425,9.028,8.0
5.787426460799622,9.03,7.072
5.780039571330996,9.042,6.112
5.780039571330996,9.042,6.112
5.779923625807491,9.04,6.128
5.779339403129971,9.03,6.976
5.776730091297873,9.042,6.08
5.77599518069826,9.04,6.088
5.7752097589181535,9.04,6.08
5.770498847330894,9.04,6.032
5.7678816471821595,9.024,8.0
5.767339058759455,9.044,6.016
5.762652013460113,9.04,5.952
5.759053932336455,9.028,7.072
5.753848056487358,9.028,7.008
5.74869145321258,9.028,6.944
5.748311136785843,9.047,5.952
5.72628859657325,9.032,6.032
5.719705072148175,9.026,6.976
5.71262039297496,9.03,6.128
5.702657949013782,9.025,6.976
5.697820978349058,9.025,6.912
5.692015612632878,9.024,7.072
5.692015612632878,9.024,7.072
5.685085994347724,9.024,6.98
5.684787530086013,9.024,6.976
5.684787530086013,9.024,6.976
5.684787530086013,9.024,6.976
5.682408449574416,9.024,6.944
5.682408449574416,9.024,6.944
5.6760453087956755,9.028,5.952
5.673546222997324,9.04,5.056
5.6635632962916755,9.04,4.96
5.660197690780813,9.04,4.928
5.627616273279931,9.024,6.128
5.62714188633092,9.024,6.12
5.626916089732734,9.029,4.928
5.62666885007203,9.024,6.112
5.6196160822832075,9.028,4.96
5.555868612667051,7.026,8.0
5.516553565633605,8.055,5.952
5.516553565633605,8.055,5.952
5.502402408627402,9.072,6.976
5.471120155736881,9.079,8.0
5.471120155736881,9.079,8.0
5.389503166788594,7.031,5.952
5.366160538036138,9.072,6.12
5.364802830304833,9.072,6.112
5.357985463016565,9.072,6.072
5.348358286178259,9.072,6.016
5.305260629398826,9.008,7.008
5.297896904195149,7.024,5.968
5.174214725617642,9.079,6.112
5.170073264559006,9.072,5.088
5.149766913103995,5.025,7.056
5.12479442374517,9.073,5.008
4.9739533086045284,5.024,6.032
4.9675569756522675,8.998,5.984
4.9675569756522675,8.998,5.984
4.9645588144001405,4.87,7.008
4.961349867699001,9.078,4.928
4.926610016754344,8.0,7.008
4.591447284888377,7.991,4.928
4.573794093530159,9.184,5.056
4.561235421622296,9.184,6.072
4.448856834843518,4.868,4.944
4.3913625744656795,4.87,4.928
4.325044764072601,6.982,8.0
4.081818466881274,6.977,6.992
4.000404794498699,8.961,6.912
3.9757037921790355,6.976,6.032
3.928350870596877,8.96,6.112
3.881844340656698,6.918,7.008
3.814409476499439,6.966,6.976
3.736823098427553,7.937,6.976
3.7210537617213086,6.944,8.0
3.701454554880734,7.12,6.112
3.6050500154603293,6.96,6.032
3.5721934962330937,6.946,6.944
3.5414617641023076,4.934,8.0
3.4411016232535694,6.944,6.032
3.435087776519286,4.928,7.104
3.3406097033638447,6.948,4.944
3.2950672814031305,4.946,6.976
result,x,y
5.977198556515298,9.042,8.0
5.884026811152992,9.031,8.0
5.881099220064382,9.04,7.144
5.870248609903945,9.046,6.992
5.869991046937494,9.03,8.0
5.869529380736172,9.042,6.976
5.869529380736172,9.042,6.976
5.869529380736172,9.042,6.976
5.867328746755955,9.041,6.976
5.8657411479826465,9.047,6.976
5.8657411479826465,9.047,6.976
5.864144496728311,9.04,6.976
5.864144496728311,9.04,6.976
5.864144496728311,9.04,6.976
5.864144496728311,9.04,6.976
5.8109559526771575,8.055,8.0
5.780039571330996,9.042,6.112
5.780039571330996,9.042,6.112
5.780039571330996,9.042,6.112
5.779137749076315,9.04,6.12
5.7752097589181535,9.04,6.08
5.771763400844961,9.042,6.032
5.770498847330894,9.04,6.032
5.759053932336455,9.028,7.072
5.757747915637509,9.028,7.056
5.753848056487358,9.028,7.008
5.751263513785052,9.028,6.976
5.75019146241578,9.047,5.968
5.747410155181259,9.028,6.928
5.729994354160844,9.032,6.08
5.719705072148175,9.026,6.976
5.719705072148175,9.026,6.976
5.719705072148175,9.026,6.976
5.711451390239502,9.03,6.112
5.703876380495018,9.025,6.992
5.702657949013782,9.025,6.976
5.694454534984831,9.024,7.104
5.692015612632878,9.024,7.072
5.692015612632878,9.024,7.072
5.687181895481379,9.024,7.008
5.684787530086013,9.024,6.976
5.684787530086013,9.024,6.976
5.682408449574416,9.024,6.944
5.676654360397964,8.032,7.104
5.6760453087956755,9.028,5.952
5.6618830556092625,9.04,4.944
5.660197690780813,9.04,4.928
5.633440333532385,9.025,5.952
5.62666885007203,9.024,6.112
5.622013605810804,9.024,6.032
5.6196160822832075,9.028,4.96
5.6174975607779825,9.024,5.952
5.6012525751141045,8.048,6.072
5.516865932760272,8.055,5.954
5.516553565633605,8.055,5.952
5.507212411295498,9.072,7.008
5.502402408627402,9.072,6.976
5.471120155736881,9.079,8.0
5.471120155736881,9.079,8.0
5.471120155736881,9.079,8.0
5.359352818937321,9.072,6.08
5.356616142368349,9.072,6.064
5.353871559181432,9.072,6.048
5.311272651409258,9.073,5.952
5.303436887564414,9.008,6.976
5.302452507573907,7.024,6.016
5.218021484704366,8.007,8.0
5.170073264559006,9.072,5.088
5.168482360697392,9.079,6.08
5.163091790517411,9.072,5.056
5.141703220396707,9.072,4.96
5.139290889113931,5.024,7.104
5.134418410850371,9.072,4.928
5.001789948282081,4.868,6.976
5.001112012826178,8.998,6.944
4.924408031891369,8.0,6.976
4.783150991258525,4.868,6.088
4.756161884320995,7.072,4.864
4.726351086859511,6.998,7.056
4.7245985851586845,5.072,6.112
4.684668040665057,9.188,6.016
4.657767950227834,9.184,8.0
4.593544141187712,7.991,4.88
4.591447284888377,7.991,4.928
4.576309829012291,9.184,5.008
4.563361969450283,6.993,6.992
4.561093719182545,9.184,6.064
4.037647720910736,6.978,6.112
3.9867930023711806,8.96,6.944
3.9757037921790355,6.976,6.032
3.9757037921790355,6.976,6.032
3.8910801967557505,8.96,4.96
3.881844340656698,6.918,7.008
3.8610311707588822,7.12,6.976
3.7714803412036644,6.964,6.944
3.7318209026051257,6.966,6.128
3.643795479233608,4.976,6.016
3.33923413066034,6.948,4.928
3.2950672814031305,4.946,6.976
3.2930489237292764,4.945,6.976
3.1397590498196273,4.951,5.952
result,x,y
5.979888640728915,9.043,8.0
5.881099220064382,9.04,7.144
5.877361854438172,9.046,7.056
5.877361854438172,9.046,7.056
5.877361854438172,9.046,7.056
5.872027298322216,9.046,7.008
5.8657411479826465,9.047,6.976
5.8657411479826465,9.047,6.976
5.864144496728311,9.04,6.976
5.864144496728311,9.04,6.976
5.864144496728311,9.04,6.976
5.801044493734972,9.032,6.944
5.780039571330996,9.042,6.112
5.776730091297873,9.042,6.08
5.7752097589181535,9.04,6.08
5.7752097589181535,9.04,6.08
5.773639159024697,9.04,6.064
5.770498847330894,9.04,6.032
5.760158322607907,9.042,5.92
5.757747915637509,9.028,7.056
5.751263513785052,9.028,6.976
5.751263513785052,9.028,6.976
5.75019146241578,9.047,5.968
5.75019146241578,9.047,5.968
5.729374885486916,9.032,6.072
5.7259496947531,9.026,7.056
5.719705072148175,9.026,6.976
5.719705072148175,9.026,6.976
5.719705072148175,9.026,6.976
5.719705072148175,9.026,6.976
5.71262039297496,9.03,6.128
5.711451390239502,9.03,6.112
5.711451390239502,9.03,6.112
5.705098436169058,9.025,7.008
5.694454534984831,9.024,7.104
5.692015612632878,9.024,7.072
5.692015612632878,9.024,7.072
5.687181895481379,9.024,7.008
5.6859828158137145,9.024,6.992
5.684787530086013,9.024,6.976
5.684787530086013,9.024,6.976
5.684787530086013,9.024,6.976
5.684787530086013,9.024,6.976
5.681224709642667,9.024,6.928
5.660197690780813,9.04,4.928
5.62666885007203,9.024,6.112
5.625257883262586,9.024,6.088
5.623859208650781,9.024,6.064
5.622933638073053,9.024,6.048
5.622013605810804,9.024,6.032
5.622013605810804,9.024,6.032
5.622013605810804,9.024,6.032
5.6174975607779825,9.024,5.952
5.6139874280654345,9.024,5.888
5.584810498152073,8.048,5.952
5.573320524762217,9.024,4.928
5.507212411295498,9.072,7.008
5.502402408627402,9.072,6.976
5.502402408627402,9.072,6.976
5.498233419852565,9.078,8.0
5.471120155736881,9.079,8.0
5.471120155736881,9.079,8.0
5.367509973260651,9.207,8.0
5.364802830304833,9.072,6.112
5.359352818937321,9.072,6.08
5.359317590278346,9.01,6.976
5.357985463016565,9.072,6.072
5.356616142368349,9.072,6.064
5.348358286178259,9.072,6.016
5.202814588526032,9.078,6.112
5.163091790517411,9.072,5.056
5.163091790517411,9.072,5.056
5.1455709140889185,9.079,5.954
5.134418410850371,9.072,4.928
5.134418410850371,9.072,4.928
5.048771164518635,7.012,6.016
5.048458735824907,8.004,7.008
5.001112012826178,8.998,6.944
4.99473535807045,8.004,6.08
4.657767950227834,9.184,8.0
4.657767950227834,9.184,8.0
4.624751364779381,9.185,6.992
4.623942025552612,9.185,6.976
4.5936617833753415,9.184,6.976
4.590797756517933,7.991,4.944
4.576309829012291,9.184,5.008
4.561093719182545,9.184,6.064
4.461140615141977,6.992,6.016
4.347088264593338,8.976,7.144
4.15548742318554,6.982,6.112
4.15548742318554,6.982,6.112
3.974660667071717,6.976,6.016
3.9706021174497113,6.976,5.952
3.782806548023572,7.124,6.976
3.717346021384432,6.966,5.952
3.717346021384432,6.966,5.952
3.651573386775122,4.976,6.08
3.39659521110546,4.929,6.992
3.388455286994025,4.918,6.128
3.379815600850254,4.93,6.976
3.2950672814031305,4.946,6.976
result,x,y
5.979888640728915,9.043,8.0
5.979888640728915,9.043,8.0
5.884471412584224,9.046,7.12
5.879536536521275,9.042,7.072
5.877361854438172,9.046,7.056
5.877361854438172,9.046,7.056
5.877053766986882,9.04,7.104
5.8684696538067245,9.046,6.976
5.8684696538067245,9.046,6.976
5.86575513335738,9.04,6.992
5.864345779059643,9.04,6.978
5.860925814691326,9.04,6.944
5.778351969017828,9.04,6.112
5.778351969017828,9.04,6.112
5.7752097589181535,9.04,6.08
5.7752097589181535,9.04,6.08
5.768929084260247,9.04,6.016
5.7678816471821595,9.024,8.0
5.7678816471821595,9.024,8.0
5.761674939169212,9.028,7.104
5.760637237298291,9.046,6.016
5.760637237298291,9.046,6.016
5.75951425721154,9.04,5.92
5.757747915637509,9.028,7.056
5.757747915637509,9.028,7.056
5.756376686117553,9.04,5.888
5.751263513785052,9.028,6.976
5.728756153407158,9.032,6.064
5.7259496947531,9.026,7.056
5.722192660896521,9.026,7.008
5.719705072148175,9.026,6.976
5.719705072148175,9.026,6.976
5.719705072148175,9.026,6.976
5.719705072148175,9.026,6.976
5.711708386640338,9.031,5.968
5.711451390239502,9.03,6.112
5.711451390239502,9.03,6.112
5.711451390239502,9.03,6.112
5.711451390239502,9.03,6.112
5.706811205134759,9.03,6.048
5.697523450014721,9.024,7.144
5.692015612632878,9.024,7.072
5.687181895481379,9.024,7.008
5.6859828158137145,9.024,6.992
5.6859828158137145,9.024,6.992
5.6859828158137145,9.024,6.992
5.6859828158137145,9.024,6.992
5.684787530086013,9.024,6.976
5.684787530086013,9.024,6.976
5.684567184619345,9.028,6.08
5.680271883684856,9.028,6.016
5.652431129379303,9.026,6.016
5.6465979362384875,9.026,5.92
5.62666885007203,9.024,6.112
5.62666885007203,9.024,6.112
5.625257883262586,9.024,6.088
5.622933638073053,9.024,6.048
5.621099141738285,9.024,6.016
5.6180651971205116,9.028,4.928
5.601374228422833,9.074,8.0
5.597540704961022,9.026,4.928
5.578189835170004,8.048,5.904
5.577390215629459,9.024,5.056
5.573320524762217,9.024,4.928
5.507212411295498,9.072,7.008
5.502402408627402,9.072,6.976
5.471120155736881,9.079,8.0
5.367509973260651,9.207,8.0
5.365012146624327,9.01,7.072
5.361192858214654,9.01,7.008
5.359352818937321,9.072,6.08
5.359352818937321,9.072,6.08
5.359352818937321,9.072,6.08
5.358666553531531,9.078,7.056
5.357985463016565,9.072,6.072
5.356616142368349,9.072,6.064
5.351118973050823,9.072,6.032
5.332207808144632,9.073,6.072
5.26209854351641,9.008,6.016
5.163091790517411,9.072,5.056
5.134418410850371,9.072,4.928
5.048771164518635,7.012,6.016
5.001112012826178,8.998,6.944
4.871872543699777,9.191,8.0
4.81892724244012,8.992,7.072
4.657767950227834,9.184,8.0
4.657767950227834,9.184,8.0
4.657767950227834,9.184,8.0
4.624751364779381,9.185,6.992
4.600394687981983,9.184,7.104
4.5936617833753415,9.184,6.976
4.580995891249225,9.184,4.928
4.463805725196337,6.992,6.064
4.462017579219973,6.992,6.032
4.1530135710134655,6.982,6.072
4.065529178774616,6.976,7.104
3.974660667071717,6.976,6.016
3.930940389490294,9.153,6.992
3.723781911194866,6.966,6.032
3.531411578229896,7.152,6.08
3.4281785352061616,4.928,7.072
